{
  "field_verification": {
    "invoice_number": {
      "confidence": 0.0,
      "present": false
    },
    "invoice_date": {
      "confidence": 0.0,
      "present": false
    },
    "supplier_gst_number": {
      "confidence": 0.0,
      "present": false
    },
    "bill_to_gst_number": {
      "confidence": 0.0,
      "present": false
    },
    "po_number": {
      "confidence": 0.0,
      "present": false
    },
    "shipping_address": {
      "confidence": 0.0,
      "present": false
    }
  },
  "line_items_verification": [
    {
      "row": 1,
      "line_total_check": {
        "check_passed": false
      }
    },
    {
      "row": 2,
      "line_total_check": {
        "calculated_value": 0.0,
        "extracted_value": 0.0,
        "check_passed": true
      }
    },
    {
      "row": 3,
      "line_total_check": {
        "check_passed": false
      }
    },
    {
      "row": 4,
      "line_total_check": {
        "calculated_value": 0.0,
        "extracted_value": 0.0,
        "check_passed": true
      }
    },
    {
      "row": 5,
      "line_total_check": {
        "check_passed": false
      }
    },
    {
      "row": 6,
      "line_total_check": {
        "calculated_value": 0.0,
        "extracted_value": 0.0,
        "check_passed": true
      }
    },
    {
      "row": 7,
      "line_total_check": {
        "calculated_value": 0.0,
        "extracted_value": 0.0,
        "check_passed": true
      }
    }
  ],
  "total_calculations_verification": {},
  "summary": {
    "issues": [
      "Low confidence (0.00) for invoice_number",
      "Low confidence (0.00) for invoice_date",
      "Low confidence (0.00) for supplier_gst_number",
      "Low confidence (0.00) for bill_to_gst_number",
      "Low confidence (0.00) for po_number",
      "Low confidence (0.00) for shipping_address",
      "Row 1 error: could not convert string to float: 'Turns'",
      "Row 3 error: could not convert string to float: 'aceunt'",
      "Row 5 error: could not convert string to float: 'Tavalea'",
      "Total calculation error: could not convert string to float: 'Mba'"
    ],
    "all_fields_confident": false,
    "all_line_items_verified": false,
    "totals_verified": true
  }
}