{
  "general_info": {
    "invoice_number": "",
    "invoice_date": "",
    "supplier_gst_number": "",
    "bill_to_gst_number": "",
    "po_number": "",
    "shipping_address": "",
    "seal_and_sign_present": true
  },
  "line_items": [
    {
      "description": "aac",
      "hsn_sac": "Birk",
      "quantity": "Turns",
      "unit_price": "Invalea",
      "total_amount": "12345",
      "serial_number": ""
    },
    {
      "description": "E29",
      "hsn_sac": "Customer",
      "quantity": "",
      "unit_price": "",
      "total_amount": "",
      "serial_number": ""
    },
    {
      "description": "214",
      "hsn_sac": "ince",
      "quantity": "aceunt",
      "unit_price": "12348",
      "total_amount": "Mba",
      "serial_number": ""
    },
    {
      "description": "78",
      "hsn_sac": "",
      "quantity": "",
      "unit_price": "",
      "total_amount": "",
      "serial_number": ""
    },
    {
      "description": "B30",
      "hsn_sac": "050",
      "quantity": "Tavalea",
      "unit_price": "",
      "total_amount": "",
      "serial_number": ""
    },
    {
      "description": "73.02.2088",
      "hsn_sac": "Parad",
      "quantity": "",
      "unit_price": "",
      "total_amount": "",
      "serial_number": ""
    },
    {
      "description": "28",
      "hsn_sac": "",
      "quantity": "",
      "unit_price": "",
      "total_amount": "",
      "serial_number": ""
    }
  ],
  "confidences": {
    "invoice_number": 0.0,
    "invoice_date": 0.0,
    "supplier_gst_number": 0.0,
    "bill_to_gst_number": 0.0,
    "po_number": 0.0,
    "shipping_address": 0.0
  }
}